"","numero_episodio","Titulo","Tipo","Lançamento","rate","votes","Saga"
"1",1,"Homecoming","Mixed Canon/Filler",2007,8.2,727,"Kazekage Rescue s1 "
"2",2,"The Akatsuki Makes Its Move","Mixed Canon/Filler",2007,8,574,"Kazekage Rescue s1 "
"3",3,"The Results of Training","Mixed Canon/Filler",2007,8,507,"Kazekage Rescue s1 "
"4",4,"The Jinchuriki of the Sand","Mixed Canon/Filler",2007,8.2,515,"Kazekage Rescue s1 "
"5",5,"The Kazekage Stands Tall","Mixed Canon/Filler",2007,8.2,484,"Kazekage Rescue s1 "
"6",6,"Mission Cleared","Mixed Canon/Filler",2007,8.2,477,"Kazekage Rescue s1 "
"7",7,"Run, Kankuro","Mixed Canon/Filler",2007,7.8,454,"Kazekage Rescue s1 "
"8",8,"Team Kakashi, Deployed","Mixed Canon/Filler",2007,7.7,433,"Kazekage Rescue s1 "
"9",9,"The Jinchuriki's Tears","Mixed Canon/Filler",2007,7.6,429,"Kazekage Rescue s1 "
"10",10,"Sealing Jutsu: Nine Phantom Dragons","Mixed Canon/Filler",2007,7.5,419,"Kazekage Rescue s1 "
"11",11,"The Medical Ninja's Student","Mixed Canon/Filler",2007,7.7,420,"Kazekage Rescue s1 "
"12",12,"The Retired Granny's Determination","Mixed Canon/Filler",2007,7.9,420,"Kazekage Rescue s1 "
"13",13,"A Meeting With Destiny","Mixed Canon/Filler",2007,8.1,429,"Kazekage Rescue s1 "
"14",14,"Naruto's Growth","Mixed Canon/Filler",2007,8.3,448,"Kazekage Rescue s1 "
"15",15,"The Secret Weapon is Called....","Mixed Canon/Filler",2007,8.4,443,"Kazekage Rescue s1 "
"16",16,"The Secret of Jinchuriki","Mixed Canon/Filler",2007,7.6,401,"Kazekage Rescue s1 "
"17",17,"The Death of Gaara!","Mixed Canon/Filler",2007,7.8,403,"Kazekage Rescue s1 "
"18",18,"Charge Tactic! Button Hook Entry!!","Mixed Canon/Filler",2007,7.7,405,"Kazekage Rescue s1 "
"19",19,"Traps Activate! Team Guy's Enemies","Mixed Canon/Filler",2007,7.8,397,"Kazekage Rescue s1 "
"20",20,"Hiruko vs. Two Kunoichi!","Manga Canon",2007,8.1,425,"Kazekage Rescue s1 "
"21",21,"Sasori's Real Face","Manga Canon",2007,8,419,"Kazekage Rescue s1 "
"22",22,"Chiyo's Secret Skills","Manga Canon",2007,7.9,411,"Kazekage Rescue s1 "
"23",23,"Father and Mother","Manga Canon",2007,7.9,408,"Kazekage Rescue s1 "
"24",24,"The Third Kazekage","Mixed Canon/Filler",2007,8.1,416,"Kazekage Rescue s1 "
"25",25,"Three Minutes Between Life and Death","Mixed Canon/Filler",2007,7.9,412,"Kazekage Rescue s1 "
"26",26,"Puppet Fight: 10 vs. 100!","Manga Canon",2007,8.7,640,"Kazekage Rescue s1 "
"27",27,"Impossible Dream","Manga Canon",2007,8.5,472,"Kazekage Rescue s1 "
"28",28,"Beasts! Alive Again!","Filler",2007,7.1,366,"Kazekage Rescue s1 "
"29",29,"Kakashi Enlightened!","Manga Canon",2007,8.1,400,"Kazekage Rescue s1 "
"30",30,"Aesthetics of an Instant","Manga Canon",2007,8.4,438,"Kazekage Rescue s1 "
"31",31,"The Legacy!","Manga Canon",2007,8.7,658,"Kazekage Rescue s1 "
"32",32,"Return of the Kazekage","Manga Canon",2007,7.9,405,"Kazekage Rescue s1 "
"33",33,"The New Target","Manga Canon",2007,7.7,373,"Long-Awaited Reunion s2"
"34",34,"Formation! New Team Kakashi!","Manga Canon",2007,7.2,361,"Long-Awaited Reunion s2"
"35",35,"An Unnecessary Addition","Manga Canon",2007,7.3,363,"Long-Awaited Reunion s2"
"36",36,"The Fake Smile","Manga Canon",2007,7.2,361,"Long-Awaited Reunion s2"
"37",37,"Untitled","Manga Canon",2007,7.1,360,"Long-Awaited Reunion s2"
"38",38,"Simulation","Manga Canon",2007,7.1,360,"Long-Awaited Reunion s2"
"39",39,"The Tenchi Bridge","Manga Canon",2007,7.8,379,"Long-Awaited Reunion s2"
"40",40,"Nine-Tails Unleashed","Manga Canon",2007,7.7,393,"Long-Awaited Reunion s2"
"41",41,"The Top-Secret Mission Begins","Manga Canon",2007,8,395,"Long-Awaited Reunion s2"
"42",42,"Orochimaru vs. Jinchuriki","Manga Canon",2008,8.5,459,"Long-Awaited Reunion s2"
"43",43,"Sakura's Tears","Manga Canon",2008,7.9,380,"Long-Awaited Reunion s2"
"44",44,"The Secret of the Battle!","Manga Canon",2008,7.4,354,"Long-Awaited Reunion s2"
"45",45,"The Consequences of Betrayal","Mixed Canon/Filler",2008,7.3,346,"Long-Awaited Reunion s2"
"46",46,"The Unfinished Page","Manga Canon",2008,7.3,347,"Long-Awaited Reunion s2"
"47",47,"Infiltration: The Den of the Snake!","Manga Canon",2008,7.4,348,"Long-Awaited Reunion s2"
"48",48,"Bonds","Manga Canon",2008,7.2,355,"Long-Awaited Reunion s2"
"49",49,"Something Important...","Mixed Canon/Filler",2008,7.5,360,"Long-Awaited Reunion s2"
"50",50,"The Picture Book's Story","Mixed Canon/Filler",2008,7.3,344,"Long-Awaited Reunion s2"
"51",51,"Reunion","Manga Canon",2008,7.5,357,"Long-Awaited Reunion s2"
"52",52,"The Power of the Uchiha","Manga Canon",2008,8,383,"Long-Awaited Reunion s2"
"53",53,"Title","Manga Canon",2008,7.5,363,"Long-Awaited Reunion s2"
"54",54,"Nightmare","Mixed Canon/Filler",2008,7.5,361,"Twelve Guardian Ninja s3"
"55",55,"Wind","Manga Canon",2008,7.9,362,"Twelve Guardian Ninja s3"
"56",56,"Squirming","Mixed Canon/Filler",2008,7.6,345,"Twelve Guardian Ninja s3"
"57",57,"Robbed of Sleep","Filler",2008,6.9,268,"Twelve Guardian Ninja s3"
"58",58,"Loneliness","Filler",2008,6.6,266,"Twelve Guardian Ninja s3"
"59",59,"A New Enemy","Filler",2008,6.5,261,"Twelve Guardian Ninja s3"
"60",60,"Impermanence","Filler",2008,6.7,256,"Twelve Guardian Ninja s3"
"61",61,"Contact","Filler",2008,6.7,259,"Twelve Guardian Ninja s3"
"62",62,"Teammate","Filler",2008,6.5,256,"Twelve Guardian Ninja s3"
"63",63,"The Two Kings","Filler",2008,6.6,253,"Twelve Guardian Ninja s3"
"64",64,"The Jet-Black Signal Fire","Filler",2008,6.6,250,"Twelve Guardian Ninja s3"
"65",65,"Lockdown of Darkness","Filler",2008,6.9,249,"Twelve Guardian Ninja s3"
"66",66,"Revived Souls","Filler",2008,6.7,250,"Twelve Guardian Ninja s3"
"67",67,"Everyone's Struggle to the Death","Filler",2008,6.8,247,"Twelve Guardian Ninja s3"
"68",68,"Moment of Awakening","Filler",2008,6.7,247,"Twelve Guardian Ninja s3"
"69",69,"Despair","Filler",2008,6.6,251,"Twelve Guardian Ninja s3"
"70",70,"Resonance","Filler",2008,6.6,253,"Twelve Guardian Ninja s3"
"71",71,"My Friend","Filler",2008,6.6,265,"Twelve Guardian Ninja s3"
"72",72,"The Quietly Approaching Threat","Manga Canon",2008,7.3,335,"Immortal Devastators s4"
"73",73,"Akatsuki's Invasion","Manga Canon",2008,7.7,360,"Immortal Devastators s4"
"74",74,"Under the Starry Sky","Manga Canon",2008,7.5,340,"Immortal Devastators s4"
"75",75,"The Old Monk's Prayer","Manga Canon",2008,7.4,334,"Immortal Devastators s4"
"76",76,"The Next Step","Manga Canon",2008,7.7,348,"Immortal Devastators s4"
"77",77,"Climbing Silver","Manga Canon",2008,8.3,382,"Immortal Devastators s4"
"78",78,"The Judgment","Manga Canon",2008,8.6,472,"Immortal Devastators s4"
"79",79,"Unfulfilled Scream","Manga Canon",2008,8.6,452,"Immortal Devastators s4"
"80",80,"Last Words","Manga Canon",2008,8.8,619,"Immortal Devastators s4"
"81",81,"Sad News","Manga Canon",2008,8.1,372,"Immortal Devastators s4"
"82",82,"Team Ten","Manga Canon",2008,8.6,537,"Immortal Devastators s4"
"83",83,"Target: Locked On","Manga Canon",2008,8.3,377,"Immortal Devastators s4"
"84",84,"Kakuzu's Abilities","Manga Canon",2008,8.6,416,"Immortal Devastators s4"
"85",85,"Terrifying Secret","Manga Canon",2008,8.6,505,"Immortal Devastators s4"
"86",86,"Shikamaru's Genius","Manga Canon",2008,8.8,574,"Immortal Devastators s4"
"87",87,"When You Curse Someone, You Dig Your Own Grave","Manga Canon",2008,9,699,"Immortal Devastators s4"
"88",88,"Wind Style: Rasen Shuriken!","Manga Canon",2008,8.8,602,"Immortal Devastators s4"
"89",89,"The Price of Power","Mixed Canon/Filler",2008,7.7,344,"The Three-Tailed Demon Turtle s5"
"90",90,"A Shinobi's Determination","Mixed Canon/Filler",2008,6.9,286,"The Three-Tailed Demon Turtle s5"
"91",91,"Orochimaru's Hideout Discovered","Filler",2009,7,259,"The Three-Tailed Demon Turtle s5"
"92",92,"Encounter","Filler",2009,6.7,255,"The Three-Tailed Demon Turtle s5"
"93",93,"Connecting Hearts","Filler",2009,6.5,252,"The Three-Tailed Demon Turtle s5"
"94",94,"A Night of Rain","Filler",2009,6.4,244,"The Three-Tailed Demon Turtle s5"
"95",95,"The Two Charms","Filler",2009,6.4,246,"The Three-Tailed Demon Turtle s5"
"96",96,"The Unseeing Enemy","Filler",2009,6.6,238,"The Three-Tailed Demon Turtle s5"
"97",97,"The Labyrinth of Distorted Reflection","Filler",2009,6.8,239,"The Three-Tailed Demon Turtle s5"
"98",98,"The Target Appears","Filler",2009,6.8,238,"The Three-Tailed Demon Turtle s5"
"99",99,"The Rampaging Tailed Beast","Filler",2009,6.8,243,"The Three-Tailed Demon Turtle s5"
"100",100,"Inside the Mist","Filler",2009,6.5,240,"The Three-Tailed Demon Turtle s5"
"101",101,"Everyone's Feelings","Filler",2009,6.4,238,"The Three-Tailed Demon Turtle s5"
"102",102,"Regroup!","Filler",2009,6.4,239,"The Three-Tailed Demon Turtle s5"
"103",103,"The Four-Corner Sealing Barrier","Filler",2009,6.7,239,"The Three-Tailed Demon Turtle s5"
"104",104,"Breaking the Crystal Style","Filler",2009,6.8,236,"The Three-Tailed Demon Turtle s5"
"105",105,"The Battle Over the Barrier","Filler",2009,6.4,240,"The Three-Tailed Demon Turtle s5"
"106",106,"Red Camellia","Filler",2009,6.6,238,"The Three-Tailed Demon Turtle s5"
"107",107,"Strange Bedfellows","Filler",2009,6.5,235,"The Three-Tailed Demon Turtle s5"
"108",108,"Guidepost of the Camellia","Filler",2009,6.4,236,"The Three-Tailed Demon Turtle s5"
"109",109,"Cursed Seal Counterattack","Filler",2009,6.3,234,"The Three-Tailed Demon Turtle s5"
"110",110,"Memory of Guilt","Filler",2009,6.6,237,"The Three-Tailed Demon Turtle s5"
"111",111,"Shattered Promise","Filler",2009,6.7,240,"The Three-Tailed Demon Turtle s5"
"112",112,"A Place to Return To","Mixed Canon/Filler",2009,6.9,250,"The Three-Tailed Demon Turtle s5"
"113",113,"The Serpent's Pupil","Manga Canon",2009,7.8,349,"Prophecy and Vengeance s6"
"114",114,"Eye of a Hawk","Manga Canon",2009,8.2,366,"Prophecy and Vengeance s6"
"115",115,"Zabuza's Blade","Mixed Canon/Filler",2009,7.4,322,"Prophecy and Vengeance s6"
"116",116,"Guardian of the Iron Wall","Manga Canon",2009,7.2,312,"Prophecy and Vengeance s6"
"117",117,"Jugo of the Northern Hideout","Manga Canon",2009,7.3,308,"Prophecy and Vengeance s6"
"118",118,"Formation!","Manga Canon",2009,7.2,311,"Prophecy and Vengeance s6"
"119",119,"Kakashi Chronicles: A Boy's Life on the Battlefield, Part 1","Manga Canon",2009,8.7,646,"Prophecy and Vengeance s6"
"120",120,"Kakashi Chronicles: A Boy's Life on the Battlefield, Part 2","Manga Canon",2009,9.2,942,"Prophecy and Vengeance s6"
"121",121,"Assemble","Manga Canon",2009,7.7,342,"Prophecy and Vengeance s6"
"122",122,"The Hunt","Manga Canon",2009,7.8,335,"Prophecy and Vengeance s6"
"123",123,"Clash!","Manga Canon",2009,8.6,468,"Prophecy and Vengeance s6"
"124",124,"Art","Manga Canon",2009,8.6,518,"Prophecy and Vengeance s6"
"125",125,"Disappearance","Manga Canon",2009,8.2,376,"Prophecy and Vengeance s6"
"126",126,"Twilight","Manga Canon",2009,8.4,397,"Prophecy and Vengeance s6"
"127",127,"Tales of a Gutsy Ninja ~Jiraiya Ninja Scroll~ Part 1","Mixed Canon/Filler",2009,8,356,"Prophecy and Vengeance s6"
"128",128,"Tales of a Gutsy Ninja ~Jiraiya Ninja Scroll~ Part 2","Mixed Canon/Filler",2009,8.6,418,"Prophecy and Vengeance s6"
"129",129,"Infiltrate! The Village Hidden in the Rain","Manga Canon",2009,8,347,"Prophecy and Vengeance s6"
"130",130,"The Man Who Became God","Manga Canon",2009,8.6,452,"Prophecy and Vengeance s6"
"131",131,"Honored Sage Mode!","Manga Canon",2009,8.9,666,"Prophecy and Vengeance s6"
"132",132,"In Attendance, the Six Paths of Pain","Manga Canon",2009,9.1,775,"Prophecy and Vengeance s6"
"133",133,"The Tale of Jiraiya the Gallant","Manga Canon",2009,9.6,2191,"Prophecy and Vengeance s6"
"134",134,"Banquet Invitation","Manga Canon",2009,8.3,379,"Prophecy and Vengeance s6"
"135",135,"The Longest Moment...","Manga Canon",2009,8.4,388,"Prophecy and Vengeance s6"
"136",136,"The Light & Dark of the Mangekyo Sharingan","Manga Canon",2009,9,705,"Prophecy and Vengeance s6"
"137",137,"Amaterasu!","Manga Canon",2009,9.1,840,"Prophecy and Vengeance s6"
"138",138,"The End","Manga Canon",2009,9.4,1134,"Prophecy and Vengeance s6"
"139",139,"The Mystery of Tobi","Manga Canon",2009,8.6,456,"Prophecy and Vengeance s6"
"140",140,"Fate","Manga Canon",2009,8.9,700,"Prophecy and Vengeance s6"
"141",141,"Truth","Manga Canon",2009,9.1,816,"Prophecy and Vengeance s6"
"142",142,"Battle of Unraikyo","Manga Canon",2010,7.9,329,"Prophecy and Vengeance s6"
"143",143,"The Eight Tails Vs. Sasuke","Manga Canon",2010,8.5,416,"Prophecy and Vengeance s6"
"144",144,"Wanderer","Filler",2010,6.2,234,"The Six-Tailed Demon Slug s7"
"145",145,"Successor of the Forbidden Jutsu","Filler",2010,6.2,228,"The Six-Tailed Demon Slug s7"
"146",146,"The Successor's Wish","Filler",2010,6.3,222,"The Six-Tailed Demon Slug s7"
"147",147,"Rogue Ninja's Past","Filler",2010,6.3,224,"The Six-Tailed Demon Slug s7"
"148",148,"Heir to Darkness","Filler",2010,6.1,221,"The Six-Tailed Demon Slug s7"
"149",149,"Separation","Filler",2010,6.4,220,"The Six-Tailed Demon Slug s7"
"150",150,"The Forbidden Jutsu Released","Filler",2010,6.4,224,"The Six-Tailed Demon Slug s7"
"151",151,"Master and Student","Filler",2010,6.5,233,"The Six-Tailed Demon Slug s7"
"152",152,"Somber News","Manga Canon",2010,8.2,352,"Two Saviors s8"
"153",153,"Following the Master's Shadow","Manga Canon",2010,8.5,394,"Two Saviors s8"
"154",154,"Decryption","Manga Canon",2010,7.9,335,"Two Saviors s8"
"155",155,"The First Challenge","Manga Canon",2010,7.9,336,"Two Saviors s8"
"156",156,"Surpassing the Master","Manga Canon",2010,7.7,334,"Two Saviors s8"
"157",157,"Assault On the Leaf Village!","Manga Canon",2010,8.1,352,"Two Saviors s8"
"158",158,"Power to Believe","Manga Canon",2010,8.4,376,"Two Saviors s8"
"159",159,"Pain Vs. Kakashi","Manga Canon",2010,9.2,875,"Two Saviors s8"
"160",160,"Mystery of Pain","Manga Canon",2010,8.4,379,"Two Saviors s8"
"161",161,"Surname Is Sarutobi! Given Name, Konohamaru!","Manga Canon",2010,8.5,411,"Two Saviors s8"
"162",162,"Pain to the World","Manga Canon",2010,9.1,781,"Two Saviors s8"
"163",163,"Explosion! Sage Mode","Manga Canon",2010,9.1,793,"Two Saviors s8"
"164",164,"Danger! Sage Mode Limit Reached","Manga Canon",2010,9.3,1032,"Two Saviors s8"
"165",165,"Nine Tails, Captured!","Manga Canon",2010,9.2,957,"Two Saviors s8"
"166",166,"Confessions","Manga Canon",2010,9.4,1114,"Two Saviors s8"
"167",167,"Planetary Devastation","Manga Canon",2010,9.4,1231,"Two Saviors s8"
"168",168,"Fourth Hokage","Manga Canon",2010,9.4,1154,"Two Saviors s8"
"169",169,"The Two Students","Manga Canon",2010,8.5,407,"Two Saviors s8"
"170",170,"Big Adventure! The Quest for the Fourth Hokage's Legacy, Part 1","Filler",2010,6,231,"Two Saviors s8"
"171",171,"Big Adventure! The Quest for the Fourth Hokage's Legacy, Part 2","Filler",2010,6,229,"Two Saviors s8"
"172",172,"Meeting","Manga Canon",2010,7.9,343,"Two Saviors s8"
"173",173,"Origin of Pain","Manga Canon",2010,8.5,399,"Two Saviors s8"
"174",174,"Tale of Naruto Uzumaki","Manga Canon",2010,8.6,499,"Two Saviors s8"
"175",175,"Hero of the Hidden Leaf","Manga Canon",2010,9.2,1042,"Two Saviors s8"
"176",176,"Rookie Instructor Iruka","Filler",2010,6.9,235,"The Locus Of Konoha s9"
"177",177,"Iruka's Ordeal","Filler",2010,6.7,223,"The Locus Of Konoha s9"
"178",178,"Iruka's Decision","Filler",2010,6.8,223,"The Locus Of Konoha s9"
"179",179,"Kakashi Hatake, the Jonin in Charge","Filler",2010,6.6,226,"The Locus Of Konoha s9"
"180",180,"Inari's Courage Put to the Test","Filler",2010,5.9,221,"The Locus Of Konoha s9"
"181",181,"Naruto's School of Revenge","Filler",2010,5.8,218,"The Locus Of Konoha s9"
"182",182,"Gaara's Bond","Filler",2010,6.5,217,"The Locus Of Konoha s9"
"183",183,"Naruto: Outbreak","Filler",2010,5.9,213,"The Locus Of Konoha s9"
"184",184,"Deploy! Team Tenten","Filler",2010,5.9,206,"The Locus Of Konoha s9"
"185",185,"Animal District","Filler",2010,5.3,224,"The Locus Of Konoha s9"
"186",186,"Ah, the Medicine of Youth","Filler",2010,5.9,208,"The Locus Of Konoha s9"
"187",187,"Gutsy Master and Student: The Training","Filler",2010,6.1,209,"The Locus Of Konoha s9"
"188",188,"Record of the Gutsy Ninja Master and Student","Filler",2010,6.1,204,"The Locus Of Konoha s9"
"189",189,"Sasuke's Paw Encyclopedia","Filler",2010,5.7,208,"The Locus Of Konoha s9"
"190",190,"Naruto and the Old Soldier","Filler",2010,6.2,213,"The Locus Of Konoha s9"
"191",191,"Kakashi Love Song","Filler",2010,6.3,209,"The Locus Of Konoha s9"
"192",192,"Neji Chronicles","Filler",2010,5.9,207,"The Locus Of Konoha s9"
"193",193,"The Man Who Died Twice","Filler",2011,6.1,205,"The Locus Of Konoha s9"
"194",194,"The Worst Three-Legged Race","Filler",2011,6.1,214,"The Locus Of Konoha s9"
"195",195,"Team 10's Teamwork","Filler",2011,5.8,207,"The Locus Of Konoha s9"
"196",196,"Drive Towards Darkness","Filler",2011,5.9,209,"The Locus Of Konoha s9"
"197",197,"The Sixth Hokage Danzo","Manga Canon",2011,7.5,305,"The Gathering of the Five Kage s10"
"198",198,"Five Kage Summit's Eve","Manga Canon",2011,7.6,298,"The Gathering of the Five Kage s10"
"199",199,"Enter the Five Kage!","Manga Canon",2011,7.6,297,"The Gathering of the Five Kage s10"
"200",200,"Naruto's Plea","Manga Canon",2011,7.7,307,"The Gathering of the Five Kage s10"
"201",201,"Painful Decision","Manga Canon",2011,8,314,"The Gathering of the Five Kage s10"
"202",202,"Racing Lightning","Manga Canon",2011,8.2,319,"The Gathering of the Five Kage s10"
"203",203,"Sasuke's Ninja Way","Manga Canon",2011,8.4,339,"The Gathering of the Five Kage s10"
"204",204,"Power of the Five Kage","Manga Canon",2011,8.3,322,"The Gathering of the Five Kage s10"
"205",205,"Declaration of War","Manga Canon",2011,8.2,320,"The Gathering of the Five Kage s10"
"206",206,"Sakura's Feelings","Manga Canon",2011,7.2,321,"The Gathering of the Five Kage s10"
"207",207,"The Tailed Beast vs. The Tailless Tailed Beast","Manga Canon",2011,8.3,321,"The Gathering of the Five Kage s10"
"208",208,"As One's Friend","Manga Canon",2011,7.7,305,"The Gathering of the Five Kage s10"
"209",209,"Danzo's Right Arm","Manga Canon",2011,8.5,370,"The Gathering of the Five Kage s10"
"210",210,"The Forbidden Visual Jutsu","Manga Canon",2011,8.4,362,"The Gathering of the Five Kage s10"
"211",211,"Danzo Shimura","Manga Canon",2011,8.7,504,"The Gathering of the Five Kage s10"
"212",212,"Sakura's Resolve","Manga Canon",2011,6.9,286,"The Gathering of the Five Kage s10"
"213",213,"Lost Bonds","Mixed Canon/Filler",2011,6.3,285,"The Gathering of the Five Kage s10"
"214",214,"The Burden","Manga Canon",2011,7.1,290,"The Gathering of the Five Kage s10"
"215",215,"Two Fates","Manga Canon",2011,7.4,295,"The Gathering of the Five Kage s10"
"216",216,"High-Level Shinobi","Manga Canon",2011,7.6,312,"The Gathering of the Five Kage s10"
"217",217,"The Infiltrator","Manga Canon",2011,7.5,291,"The Gathering of the Five Kage s10"
"218",218,"The Five Great Nations Mobilize","Manga Canon",2011,7.2,291,"The Gathering of the Five Kage s10"
"219",219,"Kakashi Hatake, The Hokage","Manga Canon",2011,8,329,"The Gathering of the Five Kage s10"
"220",220,"Prophecy of the Great Lord Elder","Manga Canon",2011,7.3,285,"The Gathering of the Five Kage s10"
"221",221,"Storage","Manga Canon",2011,7.9,298,"The Gathering of the Five Kage s10"
"222",222,"The Five Kage's Decision","Manga Canon",2011,7.2,277,"Paradise On The Ship s11"
"223",223,"The Young Man and the Sea","Filler",2011,5.8,217,"Paradise On The Ship s11"
"224",224,"The Ninja of Benisu","Filler",2011,5.5,209,"Paradise On The Ship s11"
"225",225,"The Cursed Ghost Ship","Filler",2011,5.4,211,"Paradise On The Ship s11"
"226",226,"Battleship Island","Filler",2011,5.1,234,"Paradise On The Ship s11"
"227",227,"The Forgotten Island","Filler",2011,5.4,210,"Paradise On The Ship s11"
"228",228,"Fight! Rock Lee!","Filler",2011,5.5,208,"Paradise On The Ship s11"
"229",229,"Eat or Die! Mushrooms from Hell","Filler",2011,5.3,212,"Paradise On The Ship s11"
"230",230,"Revenge of the Shadow Clones","Filler",2011,5.5,205,"Paradise On The Ship s11"
"231",231,"The Closed Route","Filler",2011,5.4,205,"Paradise On The Ship s11"
"232",232,"The Girls Get-Together","Filler",2011,6.5,208,"Paradise On The Ship s11"
"233",233,"Naruto's Imposter","Filler",2011,5.5,202,"Paradise On The Ship s11"
"234",234,"Naruto's Favorite Student","Filler",2011,6.2,215,"Paradise On The Ship s11"
"235",235,"The Kunoichi of Nadeshiko Village","Filler",2011,5.8,205,"Paradise On The Ship s11"
"236",236,"Friends You Can Count On","Filler",2011,5.9,199,"Paradise On The Ship s11"
"237",237,"Ah, My Hero Lady Tsunade!","Filler",2011,6.1,198,"Paradise On The Ship s11"
"238",238,"Sai's Day Off","Filler",2011,5.9,200,"Paradise On The Ship s11"
"239",239,"The Legendary Ino-Shika-Cho Trio","Filler",2011,6.1,203,"Paradise On The Ship s11"
"240",240,"Kiba's Determination","Filler",2011,5.8,202,"Paradise On The Ship s11"
"241",241,"Kakashi, My Eternal Rival!","Filler",2011,6.7,215,"Paradise On The Ship s11"
"242",242,"Naruto's Vow","Filler",2011,6.3,205,"Paradise On The Ship s11"
"243",243,"Land Ahoy! Is This the Island of Paradise?","Manga Canon",2012,7.1,286,"Nine-Tailed Fox Taming And Karmic Encounters s12"
"244",244,"Killer Bee and Motoi","Manga Canon",2012,7,293,"Nine-Tailed Fox Taming And Karmic Encounters s12"
"245",245,"The Next Challenge! Naruto vs. The Nine Tails!!","Manga Canon",2012,8.2,345,"Nine-Tailed Fox Taming And Karmic Encounters s12"
"246",246,"The Orange Spark","Manga Canon",2012,8.6,604,"Nine-Tailed Fox Taming And Karmic Encounters s12"
"247",247,"Target: Nine Tails","Manga Canon",2012,8.7,602,"Nine-Tailed Fox Taming And Karmic Encounters s12"
"248",248,"The Fourth Hokage's Death Match","Manga Canon",2012,9.5,1115,"Nine-Tailed Fox Taming And Karmic Encounters s12"
"249",249,"Thank You","Manga Canon",2012,9.5,1334,"Nine-Tailed Fox Taming And Karmic Encounters s12"
"250",250,"Battle in Paradise! the Odd Beast vs. the Monster!","Manga Canon",2012,7.9,326,"Nine-Tailed Fox Taming And Karmic Encounters s12"
"251",251,"The Man Named Kisame","Manga Canon",2012,8.4,346,"Nine-Tailed Fox Taming And Karmic Encounters s12"
"252",252,"The Angelic Herald of Death","Manga Canon",2012,8.1,339,"Nine-Tailed Fox Taming And Karmic Encounters s12"
"253",253,"The Bridge to Peace","Manga Canon",2012,8.6,443,"Nine-Tailed Fox Taming And Karmic Encounters s12"
"254",254,"The Super Secret S-Rank Mission","Mixed Canon/Filler",2012,6.7,267,"Nine-Tailed Fox Taming And Karmic Encounters s12"
"255",255,"The Artist Returns","Manga Canon",2012,7.5,280,"Nine-Tailed Fox Taming And Karmic Encounters s12"
"256",256,"Assemble! Allied Shinobi Forces!","Manga Canon",2012,8.4,384,"Nine-Tailed Fox Taming And Karmic Encounters s12"
"257",257,"Meeting","Filler",2012,6.1,205,"Nine-Tailed Fox Taming And Karmic Encounters s12"
"258",258,"Rivals","Filler",2012,5.7,197,"Nine-Tailed Fox Taming And Karmic Encounters s12"
"259",259,"Rift","Filler",2012,5.6,201,"Nine-Tailed Fox Taming And Karmic Encounters s12"
"260",260,"Parting","Filler",2012,6,197,"Nine-Tailed Fox Taming And Karmic Encounters s12"
"261",261,"For My Friend","Manga Canon",2012,7.7,312,"Nine-Tailed Fox Taming And Karmic Encounters s12"
"262",262,"War Begins!","Manga Canon",2012,8.2,303,"Nine-Tailed Fox Taming And Karmic Encounters s12"
"263",263,"Sai and Shin","Manga Canon",2012,7.9,291,"Nine-Tailed Fox Taming And Karmic Encounters s12"
"264",264,"Secrets of the Reanimation Jutsu","Manga Canon",2012,7.8,282,"Nine-Tailed Fox Taming And Karmic Encounters s12"
"265",265,"An Old Nemesis Returns","Manga Canon",2012,7.9,293,"Nine-Tailed Fox Taming And Karmic Encounters s12"
"266",266,"The First and Last Opponent","Manga Canon",2012,8.1,298,"Nine-Tailed Fox Taming And Karmic Encounters s12"
"267",267,"The Brilliant Military Advisor of the Hidden Leaf","Manga Canon",2012,7.5,267,"Nine-Tailed Fox Taming And Karmic Encounters s12"
"268",268,"Battleground!","Manga Canon",2012,7.6,271,"Nine-Tailed Fox Taming And Karmic Encounters s12"
"269",269,"Forbidden Words","Manga Canon",2012,7.8,271,"Nine-Tailed Fox Taming And Karmic Encounters s12"
"270",270,"Golden Bonds","Manga Canon",2012,7.9,275,"Nine-Tailed Fox Taming And Karmic Encounters s12"
"271",271,"Road to Sakura","Filler",2012,5.7,218,"Nine-Tailed Fox Taming And Karmic Encounters s12"
"272",272,"Mifune vs. Hanzo","Manga Canon",2012,7.8,293,"Nine-Tailed Fox Taming And Karmic Encounters s12"
"273",273,"True Kindness","Manga Canon",2012,7.3,267,"Nine-Tailed Fox Taming And Karmic Encounters s12"
"274",274,"The Complete Ino-Shika-Cho Formation!","Manga Canon",2012,7.5,276,"Nine-Tailed Fox Taming And Karmic Encounters s12"
"275",275,"A Message from the Heart","Manga Canon",2012,8,293,"Nine-Tailed Fox Taming And Karmic Encounters s12"
"276",276,"Attack of the Gedo Statue","Manga Canon",2012,7.8,270,"The Seven Shinobi Swordsmen s13"
"277",277,"Unison Sign","Manga Canon",2012,7.4,265,"The Seven Shinobi Swordsmen s13"
"278",278,"Medic Ninja in Danger","Manga Canon",2012,7.4,261,"The Seven Shinobi Swordsmen s13"
"279",279,"White Zetsu's Trap","Filler",2012,7,205,"The Seven Shinobi Swordsmen s13"
"280",280,"Aesthetics of an Artist","Filler",2012,6.7,200,"The Seven Shinobi Swordsmen s13"
"281",281,"The Allied Mom Force!","Filler",2012,5.4,194,"The Seven Shinobi Swordsmen s13"
"282",282,"The Secret Origin of the Ultimate Tag Team!","Manga Canon",2012,7.7,264,"The Seven Shinobi Swordsmen s13"
"283",283,"Two Suns","Manga Canon",2012,8.1,291,"The Seven Shinobi Swordsmen s13"
"284",284,"Helmet Splitter: Jinin Akebino!","Filler",2012,7.2,202,"The Seven Shinobi Swordsmen s13"
"285",285,"User of the Scorch Style: Pakura of the Sand!","Filler",2012,6.6,193,"The Seven Shinobi Swordsmen s13"
"286",286,"Things You Can't Get Back","Filler",2012,6.4,185,"The Seven Shinobi Swordsmen s13"
"287",287,"One Worth Betting On","Filler",2012,6.2,186,"The Seven Shinobi Swordsmen s13"
"288",288,"Danger: Jinpachi and Kushimaru!","Filler",2012,6.6,198,"The Seven Shinobi Swordsmen s13"
"289",289,"The Lightning Blade: Ameyuri Ringo!","Filler",2012,6.7,198,"The Seven Shinobi Swordsmen s13"
"290",290,"Power: Episode 1","Filler",2012,6.6,211,"The Seven Shinobi Swordsmen s13"
"291",291,"Power: Episode 2","Filler",2012,6.4,201,"The Seven Shinobi Swordsmen s13"
"292",292,"Power: Episode 3","Filler",2012,6.8,207,"The Seven Shinobi Swordsmen s13"
"293",293,"Power: Episode 4","Filler",2012,6.4,202,"The Seven Shinobi Swordsmen s13"
"294",294,"Power: Episode 5","Filler",2012,6.7,204,"The Seven Shinobi Swordsmen s13"
"295",295,"Power: Episode Final","Filler",2013,7.1,224,"The Seven Shinobi Swordsmen s13"
"296",296,"Naruto Enters the Battle","Manga Canon",2013,7.7,310," The Fourth Great Ninja War - Assailants From Afar s14"
"297",297,"A Father's Hope, a Mother's Love","Manga Canon",2013,8.3,349," The Fourth Great Ninja War - Assailants From Afar s14"
"298",298,"Contact! Naruto vs. Itachi","Manga Canon",2013,8.7,588," The Fourth Great Ninja War - Assailants From Afar s14"
"299",299,"The Acknowledged One","Manga Canon",2013,8.5,382," The Fourth Great Ninja War - Assailants From Afar s14"
"300",300,"The Mizukage, the Giant Clam, and the Mirage","Manga Canon",2013,8,294," The Fourth Great Ninja War - Assailants From Afar s14"
"301",301,"Paradox","Manga Canon",2013,8.2,307," The Fourth Great Ninja War - Assailants From Afar s14"
"302",302,"Terror! the Steam Imp","Manga Canon",2013,7.7,266," The Fourth Great Ninja War - Assailants From Afar s14"
"303",303,"Ghosts from the Past","Filler",2013,6.7,201," The Fourth Great Ninja War - Assailants From Afar s14"
"304",304,"The Underworld Transfer Jutsu","Filler",2013,6.3,198," The Fourth Great Ninja War - Assailants From Afar s14"
"305",305,"The Vengeful","Filler",2013,6.5,193," The Fourth Great Ninja War - Assailants From Afar s14"
"306",306,"The Heart's Eye","Filler",2013,6.2,195," The Fourth Great Ninja War - Assailants From Afar s14"
"307",307,"Fade Into the Moonlight","Filler",2013,6.4,204," The Fourth Great Ninja War - Assailants From Afar s14"
"308",308,"Crescent Moon Night","Filler",2013,6.3,193," The Fourth Great Ninja War - Assailants From Afar s14"
"309",309,"The A-Rank Mission: Food Fight!","Filler",2013,5.5,185," The Fourth Great Ninja War - Assailants From Afar s14"
"310",310,"The Fallen Castle","Filler",2013,5.7,180," The Fourth Great Ninja War - Assailants From Afar s14"
"311",311,"Prologue of Road to Ninja","Filler",2013,7.5,244," The Fourth Great Ninja War - Assailants From Afar s14"
"312",312,"The Old Master and the Dragon's Eye","Filler",2013,5.5,185," The Fourth Great Ninja War - Assailants From Afar s14"
"313",313,"Rain Followed by Snow, with Some Lightning","Filler",2013,5.1,204," The Fourth Great Ninja War - Assailants From Afar s14"
"314",314,"The Sad Sun Shower","Filler",2013,5.2,186," The Fourth Great Ninja War - Assailants From Afar s14"
"315",315,"Lingering Snow","Filler",2013,5.8,184," The Fourth Great Ninja War - Assailants From Afar s14"
"316",316,"The Reanimated Allied Forces","Filler",2013,6.2,190," The Fourth Great Ninja War - Assailants From Afar s14"
"317",317,"Shino vs. Torune","Filler",2013,6.5,191," The Fourth Great Ninja War - Assailants From Afar s14"
"318",318,"A Hole in the Heart: the Other Jinchuriki","Filler",2013,6.2,186," The Fourth Great Ninja War - Assailants From Afar s14"
"319",319,"The Soul Living Inside the Puppet","Filler",2013,6.7,194," The Fourth Great Ninja War - Assailants From Afar s14"
"320",320,"Run, Omoi!","Filler",2013,6.4,200," The Fourth Great Ninja War - Assailants From Afar s14"
"321",321,"Reinforcements Arrive","Manga Canon",2013,8.1,308,"The Fourth Great Ninja War - Sasuke And Itachi s15"
"322",322,"Madara Uchiha","Manga Canon",2013,9.5,1575,"The Fourth Great Ninja War - Sasuke And Itachi s15"
"323",323,"The Five Kage Assemble","Manga Canon",2013,8.7,532,"The Fourth Great Ninja War - Sasuke And Itachi s15"
"324",324,"The Unbreakable Mask and the Shattered Bubble","Mixed Canon/Filler",2013,7.8,289,"The Fourth Great Ninja War - Sasuke And Itachi s15"
"325",325,"Jinchuriki vs. Jinchuriki!","Manga Canon",2013,8.1,294,"The Fourth Great Ninja War - Sasuke And Itachi s15"
"326",326,"Four Tails, the King of Sage Monkeys","Manga Canon",2013,8.3,297,"The Fourth Great Ninja War - Sasuke And Itachi s15"
"327",327,"Nine Tails","Mixed Canon/Filler",2013,7.2,290,"The Fourth Great Ninja War - Sasuke And Itachi s15"
"328",328,"Kurama","Mixed Canon/Filler",2013,7.9,326,"The Fourth Great Ninja War - Sasuke And Itachi s15"
"329",329,"Two-Man Team","Manga Canon",2013,8.9,703,"The Fourth Great Ninja War - Sasuke And Itachi s15"
"330",330,"Promise of Victory","Mixed Canon/Filler",2013,7.7,277,"The Fourth Great Ninja War - Sasuke And Itachi s15"
"331",331,"Eyes That See in the Dark","Mixed Canon/Filler",2013,7,265,"The Fourth Great Ninja War - Sasuke And Itachi s15"
"332",332,"The Will of Stone","Manga Canon",2013,8.2,295,"The Fourth Great Ninja War - Sasuke And Itachi s15"
"333",333,"The Risks of the Reanimation Jutsu","Manga Canon",2013,8.4,309,"The Fourth Great Ninja War - Sasuke And Itachi s15"
"334",334,"Sibling Tag Team","Manga Canon",2013,8.3,307,"The Fourth Great Ninja War - Sasuke And Itachi s15"
"335",335,"To Each Their Own Leaf","Manga Canon",2013,7.7,280,"The Fourth Great Ninja War - Sasuke And Itachi s15"
"336",336,"Kabuto Yakushi","Manga Canon",2013,7.7,282,"The Fourth Great Ninja War - Sasuke And Itachi s15"
"337",337,"The Izanami Activated","Manga Canon",2013,8.2,313,"The Fourth Great Ninja War - Sasuke And Itachi s15"
"338",338,"Izanagi and Izanami","Mixed Canon/Filler",2013,8.2,317,"The Fourth Great Ninja War - Sasuke And Itachi s15"
"339",339,"I Will Love You Always","Manga Canon",2013,9.4,1169,"The Fourth Great Ninja War - Sasuke And Itachi s15"
"340",340,"Reanimation Jutsu, Release!","Manga Canon",2013,8.3,316,"The Fourth Great Ninja War - Sasuke And Itachi s15"
"341",341,"Orochimaru's Return","Manga Canon",2013,8,292,"The Fourth Great Ninja War - Sasuke And Itachi s15"
"342",342,"Secret of the Transportation Technique","Manga Canon",2013,8.5,355,"The Fourth Great Ninja War - Sasuke And Itachi s15"
"343",343,"Who Are You?","Manga Canon",2013,8.8,643,"The Fourth Great Ninja War - Sasuke And Itachi s15"
"344",344,"Obito and Madara","Manga Canon",2014,8.7,568,"The Fourth Great Ninja War - Sasuke And Itachi s15"
"345",345,"I'm in Hell","Manga Canon",2014,9.5,1205,"The Fourth Great Ninja War - Sasuke And Itachi s15"
"346",346,"World of Dreams","Mixed Canon/Filler",2014,8.3,308,"The Fourth Great Ninja War - Sasuke And Itachi s15"
"347",347,"Creeping Shadow","Filler",2014,7.7,254,"The Fourth Great Ninja War - Sasuke And Itachi s15"
"348",348,"The New Akatsuki","Filler",2014,8.2,269,"The Fourth Great Ninja War - Sasuke And Itachi s15"
"349",349,"Kakashi: Shadow of the ANBU Black Ops – A Mask That Hides the Heart","Filler",2014,7.8,238,"Kakashi: Shadow Of The Anbu Black Ops s16"
"350",350,"Kakashi: Shadow of the ANBU Black Ops – Minato's Death","Filler",2014,8,260,"Kakashi: Shadow Of The Anbu Black Ops s16"
"351",351,"Kakashi: Shadow of the ANBU Black Ops: Hashirama's Cells","Filler",2014,7.3,209,"Kakashi: Shadow Of The Anbu Black Ops s16"
"352",352,"Kakashi: Shadow of the ANBU Black Ops: The Rogue Ninja Orochimaru","Filler",2014,7,209,"Kakashi: Shadow Of The Anbu Black Ops s16"
"353",353,"Kakashi: Shadow of the ANBU Black Ops – Orochimaru's Test Subjects","Filler",2014,6.9,200,"Kakashi: Shadow Of The Anbu Black Ops s16"
"354",354,"Kakashi: Shadow of the ANBU Black Ops – Their Own Paths","Filler",2014,7,200,"Kakashi: Shadow Of The Anbu Black Ops s16"
"355",355,"Kakashi: Shadow of the ANBU Black Ops – the Targeted Sharingan","Filler",2014,7.2,209,"Kakashi: Shadow Of The Anbu Black Ops s16"
"356",356,"Kakashi: Shadow of the ANBU Black Ops – a Shinobi of the Leaf","Filler",2014,7.3,211,"Kakashi: Shadow Of The Anbu Black Ops s16"
"357",357,"Kakashi: Shadow of the ANBU Black Ops – an Uchiha ANBU","Filler",2014,7.7,231,"Kakashi: Shadow Of The Anbu Black Ops s16"
"358",358,"Kakashi: Shadow of the ANBU Black Ops – Coup D'État","Filler",2014,8.3,296,"Kakashi: Shadow Of The Anbu Black Ops s16"
"359",359,"Kakashi: Shadow of the ANBU Black Ops – the Night of the Tragedy","Filler",2014,8.1,251,"Kakashi: Shadow Of The Anbu Black Ops s16"
"360",360,"Kakashi: Shadow of the ANBU Black Ops – Jonin Leader","Filler",2014,7.6,221,"Kakashi: Shadow Of The Anbu Black Ops s16"
"361",361,"Kakashi: Shadow of the ANBU Black Ops – Squad Seven","Filler",2014,8,257,"Kakashi: Shadow Of The Anbu Black Ops s16"
"362",362,"Kakashi's Resolve","Mixed Canon/Filler",2014,8.6,482,"The Fourth Great Ninja War - The Return Of Squad Seven s17"
"363",363,"The Allied Shinobi Forces Jutsu","Manga Canon",2014,8.9,611,"The Fourth Great Ninja War - The Return Of Squad Seven s17"
"364",364,"The Ties That Bind","Manga Canon",2014,9.4,1013,"The Fourth Great Ninja War - The Return Of Squad Seven s17"
"365",365,"Those Who Dance in the Shadows","Manga Canon",2014,9,642,"The Fourth Great Ninja War - The Return Of Squad Seven s17"
"366",366,"The All-Knowing","Manga Canon",2014,9.2,798,"The Fourth Great Ninja War - The Return Of Squad Seven s17"
"367",367,"Hashirama and Madara","Manga Canon",2014,8.6,476,"The Fourth Great Ninja War - The Return Of Squad Seven s17"
"368",368,"Era of Warring States","Manga Canon",2014,8.8,556,"The Fourth Great Ninja War - The Return Of Squad Seven s17"
"369",369,"My True Dream","Manga Canon",2014,8.7,509,"The Fourth Great Ninja War - The Return Of Squad Seven s17"
"370",370,"Sasuke's Answer","Manga Canon",2014,8.8,552,"The Fourth Great Ninja War - The Return Of Squad Seven s17"
"371",371,"Hole","Manga Canon",2014,8.5,357,"The Fourth Great Ninja War - The Return Of Squad Seven s17"
"372",372,"Something to Fill the Hole","Manga Canon",2014,9.2,864,"The Fourth Great Ninja War - The Return Of Squad Seven s17"
"373",373,"Team 7, Assemble!","Manga Canon",2014,8.6,482,"The Fourth Great Ninja War - Obito Uchiha Against The Shinobi Forces s18"
"374",374,"The New Three-Way Deadlock","Manga Canon",2014,8.6,423,"The Fourth Great Ninja War - Obito Uchiha Against The Shinobi Forces s18"
"375",375,"Kakashi vs. Obito","Manga Canon",2014,9.6,1705,"The Fourth Great Ninja War - Obito Uchiha Against The Shinobi Forces s18"
"376",376,"The Directive to Take the Nine Tails","Filler",2014,4.6,260,"The Fourth Great Ninja War - Obito Uchiha Against The Shinobi Forces s18"
"377",377,"Naruto vs. Mecha Naruto","Filler",2014,4.2,348,"The Fourth Great Ninja War - Obito Uchiha Against The Shinobi Forces s18"
"378",378,"The Ten Tails' Jinchuriki","Manga Canon",2014,8.6,430,"The Fourth Great Ninja War - Obito Uchiha Against The Shinobi Forces s18"
"379",379,"An Opening","Manga Canon",2014,8.8,533,"The Fourth Great Ninja War - Obito Uchiha Against The Shinobi Forces s18"
"380",380,"The Day Naruto Was Born","Manga Canon",2014,8.6,481,"The Fourth Great Ninja War - Obito Uchiha Against The Shinobi Forces s18"
"381",381,"The Divine Tree","Manga Canon",2014,8.6,520,"The Fourth Great Ninja War - Obito Uchiha Against The Shinobi Forces s18"
"382",382,"A Shinobi's Dream","Manga Canon",2014,8.5,433,"The Fourth Great Ninja War - Obito Uchiha Against The Shinobi Forces s18"
"383",383,"Pursuing Hope","Manga Canon",2014,8.5,340,"The Fourth Great Ninja War - Obito Uchiha Against The Shinobi Forces s18"
"384",384,"A Heart Filled With Comrades","Manga Canon",2014,8.6,491,"The Fourth Great Ninja War - Obito Uchiha Against The Shinobi Forces s18"
"385",385,"Obito Uchiha","Mixed Canon/Filler",2014,8.1,306,"The Fourth Great Ninja War - Obito Uchiha Against The Shinobi Forces s18"
"386",386,"I'm Always Watching","Mixed Canon/Filler",2014,7.9,265,"The Fourth Great Ninja War - Obito Uchiha Against The Shinobi Forces s18"
"387",387,"The Promise That Was Kept","Manga Canon",2014,8.4,300,"The Fourth Great Ninja War - Obito Uchiha Against The Shinobi Forces s18"
"388",388,"My First Friend","Filler",2014,6.4,201,"The Fourth Great Ninja War - Obito Uchiha Against The Shinobi Forces s18"
"389",389,"The Adored Elder Sister","Filler",2014,6.3,174,"The Fourth Great Ninja War - Obito Uchiha Against The Shinobi Forces s18"
"390",390,"Hanabi's Decision","Filler",2014,6.7,173,"The Fourth Great Ninja War - Obito Uchiha Against The Shinobi Forces s18"
"391",391,"Madara Uchiha Arises","Manga Canon",2014,8.8,595,"The Fourth Great Ninja War - Obito Uchiha Against The Shinobi Forces s18"
"392",392,"The Hidden Heart","Manga Canon",2014,8.7,567,"The Fourth Great Ninja War - Obito Uchiha Against The Shinobi Forces s18"
"393",393,"A True Ending","Manga Canon",2014,9,734,"The Fourth Great Ninja War - Obito Uchiha Against The Shinobi Forces s18"
"394",394,"The New Chunin Exams","Filler",2015,6.4,178,"Naruto'S Back ~The Tracks Of His Friends s19"
"395",395,"The Chunin Exams Begin!","Filler",2015,6,169,"Naruto'S Back ~The Tracks Of His Friends s19"
"396",396,"The Three Questions","Filler",2015,6.6,171,"Naruto'S Back ~The Tracks Of His Friends s19"
"397",397,"One Worthy As A Leader","Filler",2015,6.7,166,"Naruto'S Back ~The Tracks Of His Friends s19"
"398",398,"The Night Before the Second Exam","Filler",2015,6.4,166,"Naruto'S Back ~The Tracks Of His Friends s19"
"399",399,"Demon Desert Survival","Filler",2015,6.2,165,"Naruto'S Back ~The Tracks Of His Friends s19"
"400",400,"As a Taijutsu User","Filler",2015,6.1,169,"Naruto'S Back ~The Tracks Of His Friends s19"
"401",401,"The Ultimate","Filler",2015,7.1,179,"Naruto'S Back ~The Tracks Of His Friends s19"
"402",402,"Escape vs. Pursuit","Filler",2015,5.8,169,"Naruto'S Back ~The Tracks Of His Friends s19"
"403",403,"Unwavering Gutsiness","Filler",2015,5.8,165,"Naruto'S Back ~The Tracks Of His Friends s19"
"404",404,"Tenten's Troubles","Filler",2015,5.7,164,"Naruto'S Back ~The Tracks Of His Friends s19"
"405",405,"The Imprisoned Pair","Filler",2015,5.9,163,"Naruto'S Back ~The Tracks Of His Friends s19"
"406",406,"The Place Where I Belong","Filler",2015,5.7,164,"Naruto'S Back ~The Tracks Of His Friends s19"
"407",407,"The Yamanaka Clan: Secret Ninjutsu","Filler",2015,5.8,164,"Naruto'S Back ~The Tracks Of His Friends s19"
"408",408,"The Cursed Puppet","Filler",2015,6.1,164,"Naruto'S Back ~The Tracks Of His Friends s19"
"409",409,"Their Backs","Filler",2015,6.2,163,"Naruto'S Back ~The Tracks Of His Friends s19"
"410",410,"The Hidden Plot Set Into Motion","Filler",2015,6.3,164,"Naruto'S Back ~The Tracks Of His Friends s19"
"411",411,"The Targeted Tailed Beast","Filler",2015,6.1,163,"Naruto'S Back ~The Tracks Of His Friends s19"
"412",412,"Neji’s Judgement","Filler",2015,6.2,164,"Naruto'S Back ~The Tracks Of His Friends s19"
"413",413,"Hopes Entrusted to the Future","Filler",2015,6.5,165,"Naruto'S Back ~The Tracks Of His Friends s19"
"414",414,"On the Brink of Death","Manga Canon",2015,8.6,390,"Infinite Tsukuyomi: The Invocation s20"
"415",415,"The Two Mangekyo","Mixed Canon/Filler",2015,8.2,298,"Infinite Tsukuyomi: The Invocation s20"
"416",416,"The Formation of Team Minato","Filler",2015,7,200,"Infinite Tsukuyomi: The Invocation s20"
"417",417,"You’ll Be My Backup","Filler",2015,8.1,263,"Infinite Tsukuyomi: The Invocation s20"
"418",418,"The Blue Beast vs Six Paths Madara","Manga Canon",2015,8.4,341,"Infinite Tsukuyomi: The Invocation s20"
"419",419,"Papa's Youth","Mixed Canon/Filler",2015,8.6,439,"Infinite Tsukuyomi: The Invocation s20"
"420",420,"The Eight Inner Gates Formation","Manga Canon",2015,9,702,"Infinite Tsukuyomi: The Invocation s20"
"421",421,"The Sage of the Six Paths","Manga Canon",2015,9.4,1188,"Infinite Tsukuyomi: The Invocation s20"
"422",422,"The One Who Will Inherit","Filler",2015,6.6,174,"Infinite Tsukuyomi: The Invocation s20"
"423",423,"Naruto's Rival","Filler",2015,6.9,180,"Infinite Tsukuyomi: The Invocation s20"
"424",424,"To Rise Up","Manga Canon",2015,9.2,849,"Infinite Tsukuyomi: The Invocation s20"
"425",425,"The Infinite Dream","Manga Canon",2015,8.9,613,"Infinite Tsukuyomi: The Invocation s20"
"426",426,"The Infinite Tsukuyomi","Mixed Canon/Filler",2015,8.4,301,"Infinite Tsukuyomi: The Invocation s20"
"427",427,"To the Dream World","Filler",2015,5.8,185,"Infinite Tsukuyomi: The Invocation s20"
"428",428,"Where Tenten Belongs","Filler",2015,5.8,175,"Infinite Tsukuyomi: The Invocation s20"
"429",429,"Killer Bee Rappuden, Part 1","Filler",2015,5.2,175,"Infinite Tsukuyomi: The Invocation s20"
"430",430,"Killer Bee Rappuden, Part 2","Filler",2015,5.2,171,"Infinite Tsukuyomi: The Invocation s20"
"431",431,"To See That Smile, Just One More Time","Filler",2015,6.1,171,"Infinite Tsukuyomi: The Invocation s20"
"432",432,"The Loser Ninja","Filler",2015,5.6,165,"Infinite Tsukuyomi: The Invocation s20"
"433",433,"The Search Mission","Filler",2015,5.5,165,"Infinite Tsukuyomi: The Invocation s20"
"434",434,"Team Jiraiya","Filler",2015,5.1,198,"Infinite Tsukuyomi: The Invocation s20"
"435",435,"Order of Priority","Filler",2015,5.2,164,"Infinite Tsukuyomi: The Invocation s20"
"436",436,"The Masked Man","Filler",2015,5.3,165,"Infinite Tsukuyomi: The Invocation s20"
"437",437,"The Sealed Power","Filler",2015,5.3,166,"Infinite Tsukuyomi: The Invocation s20"
"438",438,"The Rules or a Comrade","Filler",2015,5.6,165,"Infinite Tsukuyomi: The Invocation s20"
"439",439,"The Child of Prophecy","Filler",2015,5.7,164,"Infinite Tsukuyomi: The Invocation s20"
"440",440,"The Caged Bird","Filler",2015,5.8,166,"Infinite Tsukuyomi: The Invocation s20"
"441",441,"Returning Home","Filler",2015,5.3,165,"Infinite Tsukuyomi: The Invocation s20"
"442",442,"The Mutual Path","Filler",2015,6,165,"Infinite Tsukuyomi: The Invocation s20"
"443",443,"The Difference in Power","Filler",2015,5.7,167,"Infinite Tsukuyomi: The Invocation s20"
"444",444,"Leaving the Village","Filler",2016,5.9,166,"Infinite Tsukuyomi: The Invocation s20"
"445",445,"Pursuers","Filler",2016,5.5,168,"Infinite Tsukuyomi: The Invocation s20"
"446",446,"Collision","Filler",2016,5.6,167,"Infinite Tsukuyomi: The Invocation s20"
"447",447,"Another Moon","Filler",2016,5.6,168,"Infinite Tsukuyomi: The Invocation s20"
"448",448,"Comrade","Filler",2016,5.3,167,"Infinite Tsukuyomi: The Invocation s20"
"449",449,"The Shinobi Unite","Filler",2016,5.1,203,"Infinite Tsukuyomi: The Invocation s20"
"450",450,"Rival","Filler",2016,6.1,169,"Infinite Tsukuyomi: The Invocation s20"
"451",451,"Itachi's Story - Light and Darkness: Birth and Death","Mixed Canon/Filler",2016,7.8,268,"Infinite Tsukuyomi: The Invocation s20"
"452",452,"Itachi's Story - Light and Darkness: the Genius","Mixed Canon/Filler",2016,8,254,"Infinite Tsukuyomi: The Invocation s20"
"453",453,"Itachi's Story - Light and Darkness: The Pain of Living","Mixed Canon/Filler",2016,7.2,237,"Infinite Tsukuyomi: The Invocation s20"
"454",454,"Itachi's Story - Light and Darkness: Shisui's Request","Mixed Canon/Filler",2016,8,253,"Infinite Tsukuyomi: The Invocation s20"
"455",455,"Itachi's Story - Light and Darkness: Moonlit Night","Mixed Canon/Filler",2016,8.8,601,"Infinite Tsukuyomi: The Invocation s20"
"456",456,"Itachi's Story - Light and Darkness: the Darkness of the Akatsuki","Mixed Canon/Filler",2016,8,252,"Infinite Tsukuyomi: The Invocation s20"
"457",457,"Itachi's Story - Light and Darkness: Partner","Mixed Canon/Filler",2016,8.3,260,"Infinite Tsukuyomi: The Invocation s20"
"458",458,"Itachi's Story - Light and Darkness: Truth","Mixed Canon/Filler",2016,8.5,381,"Infinite Tsukuyomi: The Invocation s20"
"459",459,"She of the Beginning","Manga Canon",2016,8.5,357,"Infinite Tsukuyomi: The Invocation s20"
"460",460,"Kaguya Otsutsuki","Mixed Canon/Filler",2016,7.6,249,"Infinite Tsukuyomi: The Invocation s20"
"461",461,"Hagoromo and Hamura","Mixed Canon/Filler",2016,8,254,"Infinite Tsukuyomi: The Invocation s20"
"462",462,"A Fabricated Past","Mixed Canon/Filler",2016,8.2,270,"Infinite Tsukuyomi: The Invocation s20"
"463",463,"The No. 1 Most Unpredictable Ninja","Manga Canon",2016,8.4,314,"Infinite Tsukuyomi: The Invocation s20"
"464",464,"Ninshu: The Ninja Creed","Filler",2016,7.7,217,"Infinite Tsukuyomi: The Invocation s20"
"465",465,"Ashura and Indra","Filler",2016,7.5,210,"Infinite Tsukuyomi: The Invocation s20"
"466",466,"The Tumultuous Journey","Filler",2016,7.5,208,"Infinite Tsukuyomi: The Invocation s20"
"467",467,"Ashura's Decision","Filler",2016,7.8,212,"Infinite Tsukuyomi: The Invocation s20"
"468",468,"The Successor","Filler",2016,8.2,254,"Infinite Tsukuyomi: The Invocation s20"
"469",469,"A Special Mission","Mixed Canon/Filler",2016,8,272,"Infinite Tsukuyomi: The Invocation s20"
"470",470,"Connecting Thoughts","Manga Canon",2016,8.6,430,"Infinite Tsukuyomi: The Invocation s20"
"471",471,"The Two of Them...Always","Mixed Canon/Filler",2016,8.4,328,"Infinite Tsukuyomi: The Invocation s20"
"472",472,"You Better...","Mixed Canon/Filler",2016,8.6,576,"Infinite Tsukuyomi: The Invocation s20"
"473",473,"The Sharingan Revived","Manga Canon",2016,8.9,718,"Infinite Tsukuyomi: The Invocation s20"
"474",474,"Congratulations","Manga Canon",2016,9.5,1313,"Infinite Tsukuyomi: The Invocation s20"
"475",475,"The Final Valley","Manga Canon",2016,8.6,691,"Infinite Tsukuyomi: The Invocation s20"
"476",476,"The Final Battle","Manga Canon",2016,9.5,1574,"Infinite Tsukuyomi: The Invocation s20"
"477",477,"Naruto and Sasuke","Manga Canon",2016,9.6,2744,"Infinite Tsukuyomi: The Invocation s20"
"478",478,"The Unison Sign","Mixed Canon/Filler",2016,9.5,1285,"Infinite Tsukuyomi: The Invocation s20"
"479",479,"Naruto Uzumaki!!","Mixed Canon/Filler",2016,9,831,"Infinite Tsukuyomi: The Invocation s20"
"480",480,"Naruto and Hinata","Filler",2016,7.4,308,"Series s21"
"481",481,"Sasuke and Sakura","Filler",2016,6.6,261,"Series s21"
"482",482,"Gaara and Shikamaru","Filler",2016,6.7,261,"Series s21"
"483",483,"Jiraiya and Kakashi","Filler",2016,6.8,258,"Series s21"
"484",484,"Sasuke’s Story - Sunrise, Part 1: The Exploding Human","Manga Canon",2016,7.4,313,"Series s21"
"485",485,"Sasuke's Story - Sunrise, Part 2: Coliseum","Manga Canon",2016,7.4,304,"Series s21"
"486",486,"Sasuke’s Story - Sunrise, Part 3: Fuushin","Manga Canon",2016,7.4,293,"Series s21"
"487",487,"Sasuke’s Story - Sunrise, Part 4: The Ketsuryugan","Manga Canon",2016,7.1,293,"Series s21"
"488",488,"Sasuke’s Story: Sunrise, Part 5: The Last One","Manga Canon",2017,8,355,"Series s21"
"489",489,"Shikamaru’s Story, A Cloud Drifting in the Silent Dark, Part 1: The State of Affairs","Manga Canon",2017,7.5,305,"Series s21"
"490",490,"Shikamaru’s Story, a Cloud Drifting in the Silent Dark, Part 2: Dark Clouds","Manga Canon",2017,7.1,293,"Series s21"
"491",491,"Shikamaru’s Story, a Cloud Drifting in the Silent Dark, Part 3: Recklessness","Manga Canon",2017,7.1,290,"Series s21"
"492",492,"Shikamaru’s Story, a Cloud Drifting in the Silent Dark, Part 4: Cloud of Suspicion","Manga Canon",2017,7.2,289,"Series s21"
"493",493,"Shikamaru’s Story, a Cloud Drifting in the Silent Dark, Part 5: Dawn","Manga Canon",2017,7.4,297,"Series s21"
"494",494,"Hidden Leaf Story, the Perfect Day for a Wedding, Part 1: Naruto’s Wedding","Manga Canon",2017,7.3,302,"Series s21"
"495",495,"Hidden Leaf Story, the Perfect Day for a Wedding, Part 2: A Full-Powered Wedding Gift","Manga Canon",2017,6.7,310,"Series s21"
"496",496,"Hidden Leaf Story, the Perfect Day for a Wedding, Part 3: Steam and Food Pills","Manga Canon",2017,7.5,312,"Series s21"
"497",497,"Hidden Leaf Story, the Perfect Day for a Wedding, Part 4: the Kazekage’s Wedding Gift","Manga Canon",2017,7.2,300,"Series s21"
"498",498,"Hidden Leaf Story, the Perfect Day for a Wedding, Part 5: The Last Mission","Manga Canon",2017,6.8,304,"Series s21"
"499",499,"Hidden Leaf Story, the Perfect Day for a Wedding, Part 6: The Outcome of the Secret Mission","Manga Canon",2017,7.6,322,"Series s21"
"500",500,"Hidden Leaf Story, the Perfect Day for a Wedding, Part 7: The Message","Manga Canon",2017,9.1,1252,"Series s21"
